torso_angle,neck_angle,shoulder_tilt,hip_tilt,head_forward_z,head_to_shoulder,label
0.928305855302751,0.402511919814379,0.028082363307476044,0.06797269731760025,-0.7183750867843628,0.3428398668766022,0
0.8427910447787059,0.14670980696444608,0.024597089737653732,0.06638755649328232,-0.7080668210983276,0.34479713439941406,0
0.8353283097845884,0.0,0.02468840405344963,0.06662001460790634,-0.7092974185943604,0.3446704149246216,0
0.9061184012215426,0.17132016174909548,0.026090404018759727,0.07079285383224487,-0.7208771109580994,0.34085613489151,0
1.187950439389513,1.1386638871140904,0.03353460505604744,0.08271322399377823,-0.7290279865264893,0.3421921133995056,0
1.266713664312352,1.3055128679019727,0.03640926256775856,0.07979920506477356,-0.7280035614967346,0.3427412211894989,0
1.3322204968328886,1.3213060315295433,0.03732862323522568,0.07806771993637085,-0.726169228553772,0.3431287407875061,0
1.3747277598877898,1.4122233419422783,0.037676647305488586,0.07681114226579666,-0.7231209874153137,0.3433099687099457,0
1.43871865767063,1.4764450767477453,0.0377347394824028,0.07722564786672592,-0.7207275629043579,0.34286415576934814,0
1.3411507818155937,0.6760855023902291,0.03560732305049896,0.07426269352436066,-0.7132074236869812,0.34107157588005066,0
1.1918972715588718,0.18022577739447643,0.031971532851457596,0.07115695625543594,-0.7093607187271118,0.34352824091911316,0
1.1585963117579647,0.32625916551478834,0.03105313703417778,0.07032976299524307,-0.7045716643333435,0.34437376260757446,0
1.1085346689486475,0.4338616445003961,0.032125040888786316,0.06979620456695557,-0.7098526954650879,0.3450581133365631,0
1.014714302817627,0.7173703049613431,0.030544662848114967,0.06597555428743362,-0.7064182758331299,0.3426462709903717,0
0.9427382939052541,0.5794596197142697,0.027123283594846725,0.060829807072877884,-0.6928553581237793,0.3406909704208374,0
0.881378028339674,0.43476271239544917,0.0225546732544899,0.05842667818069458,-0.6870334148406982,0.34088781476020813,0
0.7063753330640682,0.09065408419654447,0.013084071688354015,0.047504521906375885,-0.6826403737068176,0.3391624689102173,0
0.6921034778299112,0.9791878356721055,0.009896726347506046,0.04706612974405289,-0.6901849508285522,0.33867549896240234,0
0.6980154632002524,1.9855408692061658,0.005980595014989376,0.04469861090183258,-0.6899735927581787,0.3348066210746765,0
0.7425679801321223,2.2597539905622575,0.004987703636288643,0.044928841292858124,-0.6885266304016113,0.33487486839294434,0
0.8106000987022028,2.352018426518517,0.003770485520362854,0.047665368765592575,-0.690401554107666,0.33545464277267456,0
0.8367326422023835,2.3782516728074103,0.003610098036006093,0.04962015897035599,-0.6954847574234009,0.33492597937583923,0
0.8287432965832581,2.061180451776356,0.002689167158678174,0.05067042261362076,-0.696118950843811,0.3333972990512848,0
0.780343532354283,1.7833378282282009,0.0018191623967140913,0.04755106195807457,-0.6958442330360413,0.33327117562294006,0
0.6904050412510266,0.8840381817362709,0.0007431114208884537,0.04650108888745308,-0.6945322751998901,0.33228635787963867,0
0.6855699555065641,0.49018858354876255,0.0007354096742346883,0.045521803200244904,-0.6918840408325195,0.33214372396469116,0
0.7013713679248461,0.22381178101882981,-0.00014998330152593553,0.045266326516866684,-0.6957277655601501,0.33536064624786377,0
0.7162784022658941,0.20653381460469245,-0.0003778749378398061,0.047420684248209,-0.6964873671531677,0.3380691707134247,0
0.6691032853862068,0.019782341029446364,-0.00199321866966784,0.05019700527191162,-0.6785435676574707,0.3458556532859802,0
0.6711472685335332,0.4423476893491018,-0.0007777524879202247,0.051844414323568344,-0.6699067950248718,0.34732505679130554,0
0.6906884040375686,0.5222705951206958,0.001045847311615944,0.055838145315647125,-0.6740893721580505,0.3480415344238281,0
0.6763748639922953,0.6821363208629462,-0.001093133119866252,0.05946829915046692,-0.67650306224823,0.3483341634273529,0
0.6370438060974621,1.0368428517666946,-0.005929314531385899,0.05349021404981613,-0.678952693939209,0.3481396734714508,0
0.5801345932307347,0.9561348340345786,-0.009116264060139656,0.049632780253887177,-0.6795086860656738,0.3485513925552368,0
0.5464388858646824,0.8213911741330813,-0.012305536307394505,0.047982458025217056,-0.6838992834091187,0.3487188518047333,0
0.4727123711074393,0.532657749099804,-0.018352899700403214,0.044715024530887604,-0.6930257081985474,0.3495962619781494,0
0.3711502636014784,0.4005626901348312,-0.023425869643688202,0.04066675901412964,-0.6900925636291504,0.3501078486442566,0
0.28046336769824726,0.714363556810108,-0.024565689265727997,0.037897951900959015,-0.6887394785881042,0.34981539845466614,0
0.22555353545062423,0.5678623372941045,-0.024047143757343292,0.03798075392842293,-0.6825507879257202,0.35027840733528137,0
0.26318715972998474,0.7813459163489449,-0.023072095587849617,0.041242118924856186,-0.6911532878875732,0.3499598801136017,0
0.2639295804557845,0.7425679801321223,-0.022287549450993538,0.04359489679336548,-0.6961325407028198,0.35020527243614197,0
0.24628834802245791,1.323377833252275,-0.021299218758940697,0.04309742525219917,-0.6947552561759949,0.34349799156188965,0
0.24147442349920606,2.0298938773968143,-0.02153949998319149,0.042874082922935486,-0.6941484212875366,0.34142589569091797,0
0.18451747215888148,2.395962257134149,-0.016075583174824715,0.0418550968170166,-0.6849188208580017,0.3434033989906311,0
0.2510099675688194,1.698350509210517,-0.014658596366643906,0.009916690178215504,-0.6648663282394409,0.34774690866470337,0
0.5733491029266135,0.8632076124065209,-0.016877366229891777,0.005190751515328884,-0.6622901558876038,0.3456989526748657,0
0.5528469067117766,0.3244549486979649,-0.011111235246062279,0.020424067974090576,-0.6779902577400208,0.3381674587726593,0
0.5764124582607224,0.14265252599748507,-0.009487164206802845,0.021122409030795097,-0.673423171043396,0.33707478642463684,0
0.5521385769041436,0.20463023449693923,-0.001060521462932229,0.03208170458674431,-0.6659959554672241,0.332800030708313,0
0.5657910831209688,0.3737769883456949,-0.0009433794184587896,0.0316668301820755,-0.6634587049484253,0.3325471580028534,0
0.4467492894959524,0.8681804029016569,0.00035513387410901487,0.03541247174143791,-0.6688007116317749,0.3313343822956085,0
0.3189810748477827,0.9733752508491705,0.0003289773303549737,0.04269716516137123,-0.6680740714073181,0.3307633399963379,0
0.28939100670166956,0.9466738123307966,-4.3589025153778493e-05,0.047951433807611465,-0.6832637190818787,0.3392554819583893,0
0.13847642022149,0.12354070345060089,-0.0012316103093326092,0.05888575315475464,-0.6839390397071838,0.3453029692173004,0
0.12511453444308365,0.6078070256741823,0.008802876807749271,0.0760343074798584,-0.6885305643081665,0.35710981488227844,0
0.3304306964646186,1.2389105114417378,0.02332751266658306,0.08301788568496704,-0.6959921717643738,0.3628338873386383,0
0.615166964838018,1.2754888376488642,0.02266812138259411,0.08403663337230682,-0.6742021441459656,0.3625641167163849,0
0.6608641404578296,1.0840812338058503,0.020304884761571884,0.08376333117485046,-0.6784877181053162,0.3638420104980469,0
0.6422443042177527,1.1104747329176856,0.018770456314086914,0.08207263052463531,-0.6792943477630615,0.36377233266830444,0
0.575733121181722,1.1698577118185738,0.016581708565354347,0.07531201094388962,-0.677139401435852,0.3603445887565613,0
0.5012409924573552,1.0110436438667783,0.014556793496012688,0.06917916238307953,-0.6753745675086975,0.35776522755622864,0
0.45110794477079513,0.8455725913390743,0.0116689782589674,0.06608953326940536,-0.6814737319946289,0.3554384410381317,0
0.4545647792463869,1.1150469220846573,0.011837741360068321,0.06385102868080139,-0.6884267330169678,0.347269743680954,0
0.5750529815975465,1.257721707121227,0.013855946250259876,0.06566435843706131,-0.6854457855224609,0.3292281925678253,0
0.5169987671547709,2.1591235378184646,0.013725410215556622,0.0645928606390953,-0.6713341474533081,0.320694237947464,0
0.5181329600058628,2.512480712657687,0.008609212934970856,0.060381509363651276,-0.680075466632843,0.32020434737205505,0
0.5637122188148793,3.0065448584397023,0.0085382591933012,0.0624702125787735,-0.6749181747436523,0.3211185336112976,0
0.6437658677170703,3.3131030062853912,0.006089468486607075,0.0675179660320282,-0.688962459564209,0.321622371673584,0
0.6605679847349772,3.4975439178989354,0.003488376038148999,0.06878190487623215,-0.6872832775115967,0.3216962218284607,0
0.5532007315161166,3.584793294095007,-0.00261478079482913,0.057611942291259766,-0.6965275406837463,0.3263308107852936,0
0.46562228708473197,2.612169536595843,-0.006137629505246878,0.05239760875701904,-0.6942628026008606,0.32869935035705566,0
0.4078242668255403,1.7189666305325302,-0.008489805273711681,0.049866240471601486,-0.6906931400299072,0.3324224352836609,0
0.3310223381465467,1.0028818879105503,-0.012546979822218418,0.04952000454068184,-0.6929713487625122,0.3378550112247467,0
0.27411241809811104,0.6971739630982282,-0.013918151147663593,0.04625076428055763,-0.6931378841400146,0.33818089962005615,0
0.27482532682606475,0.9030900039477228,-0.013930263929069042,0.046035751700401306,-0.6968228220939636,0.33770251274108887,0
0.3013159872936269,0.9813836042515338,-0.013874612748622894,0.046926215291023254,-0.6939742565155029,0.33790433406829834,0
0.31775185295763164,1.0133635015326157,-0.0150827094912529,0.04534868523478508,-0.6903249621391296,0.34355661273002625,0
0.3064670732398903,1.079377899842559,-0.015479300171136856,0.04434479773044586,-0.6895844340324402,0.3442322611808777,0
0.3013159872936269,1.4895090302172032,-0.01529400423169136,0.04436669498682022,-0.692431628704071,0.3400081992149353,0
0.3244549486979649,2.8982024790316125,-0.013114687986671925,0.046310797333717346,-0.7089967131614685,0.33127325773239136,0
0.37845915424021953,3.6974524494280767,-0.013082064688205719,0.047400448471307755,-0.7101004719734192,0.33135056495666504,0
0.44631108286808646,3.9967452170375615,-0.013500615023076534,0.05618135258555412,-0.7144808769226074,0.326656311750412,0
0.4597012948734734,4.143213378910217,-0.013297692872583866,0.060088153928518295,-0.7189931273460388,0.324613481760025,0
0.5222705951206958,4.230173510739856,-0.012325340881943703,0.06262636929750443,-0.7204958200454712,0.3233785033226013,0
0.48375956408961207,3.511287996909896,-0.015038157813251019,0.06046316400170326,-0.7150231003761292,0.32353609800338745,0
0.4977151984760114,2.479308313819511,-0.015564377419650555,0.058818746358156204,-0.7054499983787537,0.33189645409584045,0
0.6110178920251353,1.290133191269149,-0.011077689938247204,0.06374000757932663,-0.7037298083305359,0.3352825939655304,0
0.5377760979592184,0.1083523598284494,-0.00955711305141449,0.06186489760875702,-0.7032003402709961,0.33469560742378235,0
0.47806325662700816,0.1988101655906956,-0.008789055049419403,0.06071969121694565,-0.7057610750198364,0.3344908356666565,0
0.4238234819967391,0.03426402009603798,-0.008762087672948837,0.05873783305287361,-0.7096157670021057,0.3391147553920746,0
0.4467492894959524,0.4519746319901976,-0.008789796382188797,0.05831800401210785,-0.7153019905090332,0.33796846866607666,0
0.5747126099757878,1.2374881462401885,-0.003521364415064454,0.06774211674928665,-0.7220415472984314,0.3375317454338074,0
0.675796016895392,1.5646054304669448,0.0011710370890796185,0.07156531512737274,-0.7268559336662292,0.33888745307922363,0
0.7793398591779847,1.6907282985554417,0.0032675517722964287,0.07153794169425964,-0.7280793190002441,0.3398571312427521,0
0.8731248740082747,2.0843138726703714,0.0038430511485785246,0.07011537998914719,-0.7207069396972656,0.34010693430900574,0
0.8807117346402176,2.1766379409675034,0.0035266652703285217,0.06934648007154465,-0.7176467776298523,0.34144261479377747,0
0.5671727596538639,1.3177467944765573,-0.0031366872135549784,0.05433105304837227,-0.7037158608436584,0.3406585454940796,0
0.3966354943421774,0.545363562391188,-0.004480438772588968,0.052211061120033264,-0.7034405469894409,0.34043312072753906,0
0.4275009950788604,0.14935344105781187,-0.003355867462232709,0.05080913379788399,-0.6986998915672302,0.3431350588798523,0
0.44057473683036125,0.13847642022149,-0.0024954257532954216,0.050828106701374054,-0.6985853314399719,0.344963937997818,0
0.4877876309017727,0.08622923312351063,-0.0016645606374368072,0.0540144108235836,-0.7024983763694763,0.3475022614002228,0
0.4905875999576624,1.3055128679019727,-0.0009775819489732385,0.062202684581279755,-0.6987891793251038,0.3493247330188751,0
0.474365226033695,1.9412838839107809,-0.0006650645518675447,0.0675332322716713,-0.6905652284622192,0.3520745635032654,0
0.4845678561238727,1.998117685227306,-0.00014944445865694433,0.07042792439460754,-0.6916614770889282,0.3531445562839508,0
0.4575680873362068,1.9468207426659359,-0.00014365413517225534,0.06869574636220932,-0.6874500513076782,0.3538542687892914,0
0.4163710263473779,1.8828398520327096,7.51762418076396e-05,0.06588464230298996,-0.6834086179733276,0.35455960035324097,0
0.34264070643037603,1.1146958809616734,0.00041862859507091343,0.06310539692640305,-0.6783108711242676,0.35493606328964233,0
0.3140353198057528,0.8101171593638858,0.0005151595105417073,0.06188110262155533,-0.6817013025283813,0.354944109916687,0
0.3250574669850846,0.9234449230721782,0.0004618112288881093,0.06385297328233719,-0.6875816583633423,0.3547670543193817,0
0.35553277303476205,1.3485717051806028,-0.0013124548131600022,0.06240306794643402,-0.7061333060264587,0.3535183370113373,0
0.3339648250912153,1.5308459728583235,-0.0020084569696336985,0.0570395402610302,-0.711820125579834,0.35319212079048157,0
0.40686354468405955,1.8629862780339872,-0.0023050352465361357,0.05861673504114151,-0.710499107837677,0.3521268367767334,0
0.5439264909509008,2.134050255261102,-0.0003442013112362474,0.062196213752031326,-0.708970844745636,0.3490620255470276,0
0.6869955718530901,1.911619733997591,0.002711392240598798,0.06332452595233917,-0.7107774019241333,0.3436594307422638,0
0.7618183983534835,1.3738734084928728,0.0024132374674081802,0.06163904070854187,-0.7093137502670288,0.34179288148880005,0
0.7999080875677602,1.6029102655935517,0.005007546860724688,0.06509071588516235,-0.7264035940170288,0.3397447466850281,0
0.7865874768284778,1.458039471906576,0.0031207334250211716,0.07042359560728073,-0.7316204905509949,0.3415948450565338,0
0.8163730886577575,1.13090404139999,0.0031592058949172497,0.07263585925102234,-0.7203609943389893,0.35710588097572327,0
0.820199176390677,0.6960503805076554,0.0011684957426041365,0.07129709422588348,-0.707489013671875,0.3633439540863037,0
0.8285071496231798,1.0790152558520856,0.001203782157972455,0.07006018608808517,-0.7002298831939697,0.37663841247558594,0
0.8402332052770827,1.2370136611208769,-0.0002376221091253683,0.06668384373188019,-0.6975234746932983,0.3842974305152893,0
0.8827091070470406,1.4062522558873571,-8.613985119154677e-05,0.06493163853883743,-0.694566011428833,0.3877604007720947,0
0.9514160823986779,1.601933264300488,0.0005243750638328493,0.06545891612768173,-0.6917562484741211,0.3894708454608917,0
1.0254566645615457,1.770341257317514,0.001216538017615676,0.0670037567615509,-0.6906634569168091,0.38995346426963806,0
1.0596175567641142,1.832162082850322,0.0013618770753964782,0.0672791376709938,-0.6888898611068726,0.3911213278770447,0
1.0927111328683083,1.924882813203697,0.002335206139832735,0.06837684661149979,-0.6857240200042725,0.3908739984035492,0
1.1843209569913564,2.3061352133790844,0.00882610585540533,0.0810270607471466,-0.6952672004699707,0.38851600885391235,0
1.3095537303917992,3.206195333397345,0.015191806480288506,0.09490395337343216,-0.6832211017608643,0.38616833090782166,0
1.331338872961347,3.5639227375023927,0.015888044610619545,0.09710297733545303,-0.6647712588310242,0.38685619831085205,0
1.2825267859680107,3.6942206555015775,0.016173118725419044,0.09266241639852524,-0.6675990223884583,0.38841864466667175,0
1.2415927561628588,3.655002286548407,0.01697867549955845,0.08875178545713425,-0.6701195240020752,0.3899422585964203,0
1.2242929017778148,3.54806520212517,0.01690928265452385,0.08186043798923492,-0.6761603951454163,0.3917454481124878,0
1.2246125309453453,3.199716355403197,0.01675795204937458,0.0693090409040451,-0.6816604733467102,0.3997962474822998,0
1.1129390146866869,2.698418546802037,0.013462690636515617,0.06447757035493851,-0.6774325370788574,0.4046414792537689,0
0.9117158823540645,2.347020160966012,0.011394942179322243,0.061008255928754807,-0.6715859770774841,0.40712666511535645,0
0.8106000987022028,2.2631293292271892,0.010346519760787487,0.05867929011583328,-0.6668208837509155,0.4081014394760132,0
0.9078443786735358,2.479308313819511,0.011489834636449814,0.07076965272426605,-0.6503818035125732,0.4140172600746155,0
1.0884047355890105,2.836279799802657,0.015714144334197044,0.08488451689481735,-0.6550784111022949,0.4083317220211029,0
1.0623840253406536,2.96226894624411,0.013225538656115532,0.08158193528652191,-0.6552919745445251,0.40611180663108826,0
1.0673456014625493,3.143047912959642,0.01424350868910551,0.0794735997915268,-0.6570476293563843,0.4012308120727539,0
1.1143447292675999,3.1728045969217744,0.018213270232081413,0.07909055799245834,-0.6417214870452881,0.39717575907707214,0
1.1028714442401235,2.9583012691757387,0.018673794344067574,0.07735370844602585,-0.6484932899475098,0.39750874042510986,0
1.068078689805108,2.87854835499957,0.01754479669034481,0.07574785500764847,-0.6512211561203003,0.39619871973991394,0
0.9087061381459851,2.826600971967681,0.01484961062669754,0.07021517306566238,-0.64722740650177,0.38614171743392944,0
0.8023506005497416,2.9090566322834746,0.013309650123119354,0.0640525072813034,-0.6456671953201294,0.3806785047054291,0
0.737278893841719,2.91665066114448,0.01139003224670887,0.05609087646007538,-0.6441527009010315,0.37467995285987854,0
0.6164379845665297,2.7841771882974737,0.0075629036873579025,0.048570238053798676,-0.6502158045768738,0.3669009208679199,0
0.5811455836506741,2.209125537271349,0.008751126006245613,0.04934830218553543,-0.6571750044822693,0.36238518357276917,0
0.5546137735257471,1.0288857499567514,0.010560879483819008,0.04778206720948219,-0.6635423898696899,0.3577648401260376,0
0.5987250033453337,0.18022577739447643,0.011660397052764893,0.0492996945977211,-0.6657974720001221,0.354070246219635,0
0.5834977494793306,0.6714387582096996,0.010844932869076729,0.04832448437809944,-0.6641984581947327,0.35153570771217346,0
0.6458900350341407,0.4905875999576624,0.010250228457152843,0.05013059079647064,-0.6717581748962402,0.35279935598373413,0
0.7088640700546367,0.2502292180346854,0.009896086528897285,0.052637729793787,-0.6734820008277893,0.35454902052879333,0
0.7168245615078384,0.7459857782584551,0.008288011886179447,0.054254744201898575,-0.6780319809913635,0.35487622022628784,0
0.7044335702297715,1.352483948094176,0.008137722499668598,0.05776999890804291,-0.6806615591049194,0.3549504578113556,0
0.7257768572631104,1.4764450767477453,0.010749870911240578,0.06167275086045265,-0.6802123785018921,0.35439082980155945,0
0.7725309610419818,0.8067284895956275,0.0159261804074049,0.06845273822546005,-0.6801961064338684,0.3531569242477417,0
0.8118061902034391,0.2323900466696225,0.019596189260482788,0.07155536860227585,-0.6845946907997131,0.3471737504005432,0
1.113290609712393,1.059986836362207,0.025696877390146255,0.0875018984079361,-0.6978082060813904,0.34437328577041626,0
1.479093557804938,0.9054703115449279,0.0331595279276371,0.09585300087928772,-0.7038570642471313,0.3428405821323395,0
1.6035205891938054,0.8527162615667221,0.0358753502368927,0.09764854609966278,-0.7010129690170288,0.34197527170181274,0
1.6054720659760875,0.7222634408405242,0.03687968850135803,0.09762264788150787,-0.7003645300865173,0.3394681215286255,0
1.5551964348146647,0.6957692013663594,0.037324707955121994,0.09781673550605774,-0.697700023651123,0.3405914604663849,0
1.466070295325775,2.4400777279382178,0.034143757075071335,0.09333708137273788,-0.6960036158561707,0.34000200033187866,0
1.3740158372758158,3.1950629720595,0.027617400512099266,0.08936557173728943,-0.6894599795341492,0.34070882201194763,0
1.2041477570337098,2.96002124830084,0.02232475019991398,0.06311037391424179,-0.6777132153511047,0.3397022485733032,0
1.0566586745279978,4.259563399361115,0.019407110288739204,0.05806471407413483,-0.6892217993736267,0.3389090597629547,0
0.9037398004496123,4.152656224106495,0.01869681291282177,0.055878475308418274,-0.6987320184707642,0.33939534425735474,0
0.9061184012215426,3.6927362633197367,0.017287809401750565,0.05472186580300331,-0.7042827606201172,0.33902299404144287,0
1.0742897454603404,3.5746197219097438,0.017282797023653984,0.060762546956539154,-0.7119206786155701,0.33800452947616577,0
1.2212522530784427,3.5818426493084714,0.01835538074374199,0.0685851126909256,-0.7062562704086304,0.33590033650398254,0
1.2362224479490083,2.6724696874993463,0.01867254637181759,0.06436724960803986,-0.6971415877342224,0.3364205062389374,0
1.2279636149646562,2.62852872405977,0.01934908516705036,0.06375492364168167,-0.6999467015266418,0.33698445558547974,0
1.1986097160032374,2.595707320914712,0.01936192251741886,0.06242550164461136,-0.7016412615776062,0.33737513422966003,0
1.1877857034823054,2.6197268685345345,0.019879085943102837,0.061945654451847076,-0.7060747742652893,0.3380391001701355,0
1.2088513344880139,2.5751906882351236,0.020055348053574562,0.06380348652601242,-0.7064838409423828,0.3404855728149414,0
1.1982831519288824,2.274344298787466,0.020090606063604355,0.062440596520900726,-0.687644362449646,0.3430158197879791,0
1.2472537658062859,2.231778541895799,0.01958739571273327,0.0628039687871933,-0.6883860230445862,0.34453722834587097,0
1.011430656280905,1.7262374909912257,0.019265398383140564,0.07401273399591446,-0.6818264126777649,0.3690302073955536,1
0.8277983045757595,1.5812768374099073,0.021269239485263824,0.05979974940419197,-0.7194263339042664,0.3359328508377075,1
0.8187664885780418,1.5605978623899759,0.021766988560557365,0.060248978435993195,-0.7133916020393372,0.3348526060581207,1
0.8166127442937664,1.5516691206329623,0.023011742159724236,0.060300447046756744,-0.7134718298912048,0.3355197012424469,1
0.8381346217680783,1.654812200061039,0.025942493230104446,0.06101600080728531,-0.7144243717193604,0.33877095580101013,1
0.8552367702970974,1.5733364064597837,0.02600538171827793,0.06117171421647072,-0.7202843427658081,0.33890023827552795,1
0.873572983755063,1.2546060916691557,0.02623479813337326,0.061546482145786285,-0.7257615327835083,0.33961570262908936,1
0.8913126706393535,1.2186858234567832,0.026199977844953537,0.062256526201963425,-0.7334868311882019,0.3397245407104492,1
0.8670527274260913,1.1352216144392795,0.026118993759155273,0.06180555745959282,-0.7305210828781128,0.34014806151390076,1
0.8355625290832747,1.187456163116231,0.025638146325945854,0.06087195873260498,-0.728736400604248,0.3403513729572296,1
0.8211529130008702,2.0922800175593137,0.023960962891578674,0.05928618088364601,-0.7259416580200195,0.33389484882354736,1
0.8216293661776002,2.2077962021964455,0.02327614836394787,0.05740663409233093,-0.7289702892303467,0.33031994104385376,1
0.8033255264702739,2.070937400271317,0.022197013720870018,0.05619407072663307,-0.7293516397476196,0.3279567062854767,1
0.8299230235528615,2.0983513786889256,0.021964343264698982,0.05762835964560509,-0.7188780307769775,0.3265826106071472,1
0.9687404733755467,2.5809608745960935,0.022215895354747772,0.06725899875164032,-0.719703197479248,0.3214966654777527,1
1.0449266426289754,2.7996719835685444,0.02226034738123417,0.07193253934383392,-0.7223334312438965,0.3198930621147156,1
1.0469845647020959,2.83731486038531,0.022602887824177742,0.08190026879310608,-0.7401294708251953,0.31581026315689087,1
0.8579779719618149,2.5891385069288697,0.02000686340034008,0.07873833179473877,-0.7291646003723145,0.3144957721233368,1
0.4083037802089377,1.897851588326375,0.00963946245610714,0.06326787918806076,-0.701629638671875,0.31210634112358093,1
0.22028696137813833,1.7120078586398928,0.007238599006086588,0.05800708755850792,-0.7075181603431702,0.311627060174942,1
0.2517882961682785,2.029122413905433,0.010934124700725079,0.05845038592815399,-0.7237087488174438,0.3100471794605255,1
0.3386196250609868,2.381952230966984,0.013005409389734268,0.0617666132748127,-0.7126387357711792,0.3092990219593048,1
0.52301937574777,2.682777181173733,0.01634451188147068,0.06810089945793152,-0.6960806846618652,0.3116782605648041,1
0.5668276562529135,3.1002148289343867,0.017342615872621536,0.06848215311765671,-0.6845496296882629,0.313260018825531,1
0.5980710103126731,3.4360987322069674,0.015430961735546589,0.06293696165084839,-0.6955476999282837,0.31572550535202026,1
0.6173895322561018,3.589432920090533,0.01952703483402729,0.0631430447101593,-0.7109071612358093,0.305574893951416,1
0.9020059696264802,4.347759531472789,0.03455489128828049,0.07505838572978973,-0.7305413484573364,0.2909458577632904,1
1.0197159002431135,4.390659349423295,0.04275842383503914,0.08249637484550476,-0.735812783241272,0.28956812620162964,1
1.272416720170603,4.376271781380828,0.05129943788051605,0.09201271086931229,-0.7557879090309143,0.2880329489707947,1
1.2124073951576977,4.096533761364897,0.05212520435452461,0.09052887558937073,-0.7507076263427734,0.28866004943847656,1
1.1090641138286588,2.86839787523454,0.04852650314569473,0.08447916805744171,-0.7604348659515381,0.27663055062294006,1
1.1303848245695827,3.485262789626798,0.04592772200703621,0.083212710916996,-0.7532316446304321,0.27417057752609253,1
1.1364275957626913,5.332191279322089,0.043981317430734634,0.08078363537788391,-0.7292453646659851,0.27429312467575073,1
1.0645920247286196,6.17336389926348,0.033346954733133316,0.07862731069326401,-0.7384941577911377,0.277506023645401,1
1.0281247192543344,6.152527815103943,0.026643291115760803,0.07713896036148071,-0.7435709238052368,0.28063908219337463,1
0.856836870282692,5.629775463328983,0.018506396561861038,0.07586046308279037,-0.7457343935966492,0.28296124935150146,1
0.6909716506245905,5.31238357810418,0.012374084442853928,0.07445251196622849,-0.7551107406616211,0.28030458092689514,1
0.6999750294899696,5.3593899463499115,0.013890435919165611,0.07312896102666855,-0.7540059089660645,0.27868011593818665,1
0.6807005281685097,5.596116057808321,0.014513036236166954,0.0707901194691658,-0.7560295462608337,0.2736767530441284,1
0.712168858018636,6.730388459553537,0.018970921635627747,0.07436621934175491,-0.7642049789428711,0.27399733662605286,1
0.7556287535937752,6.970125465288525,0.021924899891018867,0.07919225096702576,-0.7652392387390137,0.27398183941841125,1
0.8072134561735995,7.102907884088683,0.024755503982305527,0.08409822732210159,-0.761711835861206,0.2736480236053467,1
0.8822656372609079,6.921977704772419,0.03337615355849266,0.08952806890010834,-0.7535303831100464,0.2767791152000427,1
0.9501812500779406,6.9204190013566835,0.0413677915930748,0.09785167127847672,-0.7488706707954407,0.2801171839237213,1
1.035142907148641,7.08991530517443,0.0437488853931427,0.09920065850019455,-0.7481399774551392,0.2822272777557373,1
1.1253533797264679,7.409759097209998,0.04394443333148956,0.0999913364648819,-0.7559056282043457,0.281389445066452,1
1.0374088810169537,6.425288232647916,0.029860736802220345,0.09403196722269058,-0.7759755849838257,0.32494860887527466,2
0.9270402430968537,5.675956715924354,0.038234561681747437,0.0780140832066536,-0.7942312955856323,0.24453513324260712,2
1.0199077795984155,5.7774680515036945,0.04067772254347801,0.07996205985546112,-0.7991012334823608,0.23868919909000397,2
1.1180263220316002,6.331251097239499,0.03914607688784599,0.08366985619068146,-0.8033143281936646,0.2386171817779541,2
1.203009655905539,6.753050278390406,0.0390273854136467,0.0871366560459137,-0.7888507843017578,0.23927368223667145,2
1.2767156151299732,7.146742185545452,0.04000420495867729,0.09332463890314102,-0.7794579863548279,0.23985326290130615,2
1.284813435106703,7.253390353603081,0.040826838463544846,0.09381326287984848,-0.7834587693214417,0.23655551671981812,2
1.298298064043707,7.2607979108083684,0.041972845792770386,0.09403244405984879,-0.7959213256835938,0.219562828540802,2
1.329279477082042,6.999108154127857,0.04318917542695999,0.09643750637769699,-0.7982754707336426,0.22343802452087402,2
1.3289850172080884,6.680198520381565,0.040057554841041565,0.0959203690290451,-0.8018970489501953,0.22457244992256165,2
1.4214771499659582,6.828345816921469,0.04235316440463066,0.10018342733383179,-0.8046647310256958,0.2227039933204651,2
1.6330273068429788,6.185324873916022,0.04563404992222786,0.11492137610912323,-0.8076450824737549,0.22375980019569397,2
1.7643617546032322,6.940287572343571,0.04727114364504814,0.1183919608592987,-0.8230905532836914,0.22002814710140228,2
1.8088345990977173,8.502859125300525,0.05042393133044243,0.12060423940420151,-0.8119398355484009,0.1992807239294052,2
1.8405811939615009,8.830352209247154,0.052320826798677444,0.12108336389064789,-0.8059784173965454,0.19677796959877014,2
1.7638070718930672,7.533509526750442,0.05514250323176384,0.11667096614837646,-0.8102200627326965,0.19834300875663757,2
1.7870650679565716,7.270573027239888,0.06061318889260292,0.11703559011220932,-0.809836745262146,0.19849714636802673,2
1.8115374023167006,7.256365094097564,0.0660242885351181,0.11288301646709442,-0.8029509782791138,0.19994474947452545,2
1.8703252630689287,8.317887177176871,0.06636994332075119,0.11214956641197205,-0.8226840496063232,0.2007630318403244,2
1.9019719138033575,8.53471993412595,0.06575334072113037,0.11062035709619522,-0.8283997178077698,0.202606663107872,2
1.894342267899921,11.455299078938024,0.06332927942276001,0.11308474838733673,-0.8344722986221313,0.20014752447605133,2
1.8513948313641224,12.843340919397066,0.06363748013973236,0.11390088498592377,-0.8414207696914673,0.19677071273326874,2
1.725783959384577,13.701606831603183,0.05983605235815048,0.111773781478405,-0.8363008499145508,0.19695618748664856,2
1.579171553636635,13.82496938607077,0.05989484861493111,0.1134028360247612,-0.8274309635162354,0.1940581351518631,2
1.4652691932395174,13.71757270829435,0.06317339837551117,0.11271345615386963,-0.8182684183120728,0.18992890417575836,2
1.4302607098441,12.724346180161975,0.05849189683794975,0.10193058848381042,-0.828977644443512,0.1877310872077942,2
1.6266635527115108,13.18173513248228,0.054375313222408295,0.09804046154022217,-0.8510398864746094,0.18528084456920624,2
1.8366428691257572,15.008089353595548,0.052945710718631744,0.0977972224354744,-0.8390145897865295,0.17745773494243622,2
1.796349343878203,15.216626669747805,0.04996920004487038,0.0929817482829094,-0.8372945189476013,0.1726195216178894,2
1.752229874935778,13.13172752419931,0.048867713660001755,0.09043514728546143,-0.8505434989929199,0.17127715051174164,2
1.715319646486271,11.800043697454564,0.04964054375886917,0.08825359493494034,-0.8491472005844116,0.17321833968162537,2
1.8830477241244725,11.60822670238446,0.05487391725182533,0.09276960045099258,-0.8346512317657471,0.1715422421693802,2
1.7870650679565716,9.360067407043033,0.05492386966943741,0.08893571048974991,-0.8263036608695984,0.17145736515522003,2
2.0209074343631044,9.974250766640749,0.06811092048883438,0.10683147609233856,-0.8205159306526184,0.17090602219104767,2
2.256113365997101,10.921298130485775,0.07743236422538757,0.1191791370511055,-0.8116475343704224,0.17124836146831512,2
2.3505200622268902,8.311014750756524,0.0839858278632164,0.1283414363861084,-0.8080296516418457,0.16317544877529144,2
2.415407445310152,8.937559238154423,0.08946127444505692,0.13017919659614563,-0.8089847564697266,0.15732845664024353,2
2.4718762532723537,5.63405576053728,0.09130680561065674,0.13220983743667603,-0.8111374974250793,0.16046515107154846,2
2.520259116915886,6.332861254759153,0.09262671321630478,0.13294881582260132,-0.787900447845459,0.1684207171201706,2
2.449684570373488,5.457866522139222,0.09177906066179276,0.13317015767097473,-0.7800427675247192,0.18489398062229156,2
2.379650337409215,7.003562900177197,0.09177597612142563,0.1330900937318802,-0.7877384424209595,0.18525183200836182,2
2.3284333405807796,9.068153859054695,0.09364769607782364,0.1290542483329773,-0.7868080139160156,0.18848364055156708,2
2.1719572068289006,8.01339391087656,0.09199514985084534,0.11615276336669922,-0.7841765284538269,0.18787367641925812,2
2.067721748279992,8.428999813833183,0.09048226475715637,0.11207195371389389,-0.8058228492736816,0.18497851490974426,2
2.036919989903645,8.834755990560714,0.08869345486164093,0.10968068242073059,-0.8081690073013306,0.18209053575992584,2
1.9519408922394221,9.76672118283865,0.09268088638782501,0.10770433396100998,-0.8195735216140747,0.18098504841327667,2
0.9803861372170212,7.665160410600877,0.026890678331255913,0.08846934139728546,-0.7778137922286987,0.24396134912967682,3
1.2133754214125265,10.922830180756822,0.023514341562986374,0.08211817592382431,-0.8154933452606201,0.1753888875246048,3
1.1326330453795321,11.980151065732004,0.02273603342473507,0.07525352388620377,-0.8048405051231384,0.17574718594551086,3
0.9211110621981214,13.288299368748888,0.021202106028795242,0.07232492417097092,-0.8044977188110352,0.17783209681510925,3
0.7412492464567171,17.61892776690134,0.018161330372095108,0.06859426200389862,-0.8295062780380249,0.1737615317106247,3
0.6682253787653357,19.089591906434997,0.014163144864141941,0.06769724190235138,-0.8249521255493164,0.1770620495080948,3
0.6661724310003878,22.17112049366911,0.013188498094677925,0.06845399737358093,-0.8297793865203857,0.18190722167491913,3
0.6455870104478166,23.522394318005215,0.01485772617161274,0.06863374263048172,-0.8333115577697754,0.18360452353954315,3
0.5831623066299881,24.79924961903152,0.018491992726922035,0.06925782561302185,-0.8540384769439697,0.1859518140554428,3
0.5181329600058628,25.75756037939534,0.021129678934812546,0.06965821236371994,-0.8596657514572144,0.1852613240480423,3
0.31027427285050035,24.443740463235724,0.020291386172175407,0.06093447655439377,-0.8601438999176025,0.1824130415916443,3
0.17358940356200137,22.871359152864414,0.017542080953717232,0.052398622035980225,-0.861655592918396,0.1800774335861206,3
0.027976455118293345,22.892929825074187,0.010560359805822372,0.04117189720273018,-0.8546000719070435,0.16335469484329224,3
0.044234660174789026,26.06547853659166,0.0111972251906991,0.04503821209073067,-0.8491544723510742,0.16315965354442596,3
0.027976455118293345,28.470101139615327,0.012640582397580147,0.05853315815329552,-0.8352395296096802,0.1663680076599121,3
0.09487278508118449,29.68124306107277,0.009724652394652367,0.058796655386686325,-0.8169128894805908,0.16750673949718475,3
0.10467832346762979,32.61206580638854,0.005465552676469088,0.05249949172139168,-0.8216177225112915,0.17168036103248596,3
0.12511453444308365,36.37535067039993,0.005410816520452499,0.052883367985486984,-0.8106081485748291,0.1734161227941513,3
0.2323900466696225,39.02873958261044,0.009595323354005814,0.05210992693901062,-0.8087842464447021,0.17343451082706451,3
0.2940859630902249,40.107446328929626,0.00806591659784317,0.04852285236120224,-0.8078815937042236,0.1732337474822998,3
0.35054452113734796,41.08536238527606,0.007596655748784542,0.04701539874076843,-0.8118063807487488,0.1731853038072586,3
1.1823365439458466,8.788876484909856,0.02373385801911354,0.0545126348733902,-0.7861330509185791,0.1822725385427475,4
1.2964880908090919,5.211993771490954,0.05658993124961853,0.08391451835632324,-0.8003450632095337,0.17443351447582245,4
1.3074600270453582,4.604237089338744,0.05963036045432091,0.08663895726203918,-0.8099813461303711,0.17151246964931488,4
1.3204171215512246,2.5101424941971056,0.062357090413570404,0.0883774384856224,-0.8090891242027283,0.1662120521068573,4
1.337351721369419,0.8579779719618149,0.06341714411973953,0.08875542134046555,-0.8168951869010925,0.1662217527627945,4
1.404859994632694,3.418847611981756,0.06507765501737595,0.0895274356007576,-0.8279599547386169,0.16638650000095367,4
1.6846986388595289,3.87444177972133,0.07116188853979111,0.10796612501144409,-0.8552842140197754,0.16745366156101227,4
2.021972428738449,4.538593190324508,0.07434142380952835,0.11929529160261154,-0.8441265821456909,0.16441278159618378,4
2.1882959951756513,3.4858806807259346,0.07747308164834976,0.11880800873041153,-0.8215520977973938,0.15867656469345093,4
2.603688322382364,0.7504317208573179,0.09328344464302063,0.13004030287265778,-0.8129971027374268,0.1541321724653244,4
3.016555363421314,2.465136493671359,0.10341250151395798,0.13764402270317078,-0.7952437400817871,0.15305450558662415,4
3.147218327889361,0.9997551230942191,0.11104950308799744,0.13892324268817902,-0.8085796236991882,0.15210919082164764,4
3.1957981667966537,3.382403676404461,0.12421365827322006,0.1406758725643158,-0.8087260127067566,0.15257100760936737,4
3.267405143653662,5.069988528343666,0.12818975746631622,0.14646309614181519,-0.8264029026031494,0.15527528524398804,4
3.3185940649717556,9.599764276139526,0.12905748188495636,0.14686022698879242,-0.8125866651535034,0.1562551110982895,4
3.2670456154887733,12.2001548201049,0.12948274612426758,0.14790736138820648,-0.8059465885162354,0.1569521427154541,4
3.2812767219269796,14.312317307477388,0.12841075658798218,0.1489490568637848,-0.8062373399734497,0.15697355568408966,4
3.4082367962686004,15.142807237874965,0.12659047544002533,0.15355637669563293,-0.8227490186691284,0.15542207658290863,4
3.480878237568349,15.484392214948915,0.12704671919345856,0.15676569938659668,-0.8302311897277832,0.15521131455898285,4
3.6153590964794255,14.919129480315817,0.12860320508480072,0.16527298092842102,-0.8376294374465942,0.1554243415594101,4
3.6112407502288133,18.733847631044515,0.12741738557815552,0.15976108610630035,-0.8162993788719177,0.15793508291244507,4
3.752541681543926,19.754934344380406,0.12863780558109283,0.15752646327018738,-0.8070659041404724,0.15891800820827484,4
3.912664988596975,19.975882822466648,0.13378125429153442,0.1631302684545517,-0.8115886449813843,0.15980783104896545,4
3.956561832273852,23.342694965871,0.1354769468307495,0.16259147226810455,-0.8202086687088013,0.16253256797790527,4
3.8357872414431657,24.077066601027713,0.13590097427368164,0.16145411133766174,-0.7910144925117493,0.1698092222213745,4
3.958788437131266,22.406832490728185,0.13951073586940765,0.16238248348236084,-0.7879312038421631,0.17750109732151031,4
4.136401205784078,23.120037721924362,0.14182092249393463,0.16443228721618652,-0.7939214706420898,0.1815774142742157,4
0.7783348918327991,7.311234319512369,0.0492006279528141,0.07027146965265274,-0.690970778465271,0.3615269660949707,4
1.0835395832338737,8.408799792371811,0.056049443781375885,0.02284225821495056,-0.6841163635253906,0.3663381040096283,4
1.409588073433769,9.293880459100995,0.05332869291305542,-0.0315377414226532,-0.689613938331604,0.3706999719142914,4
0.7420407678801975,10.017672632615458,0.052500929683446884,0.05767711624503136,-0.6869620084762573,0.3645922541618347,4
0.6039314537148585,10.066049061947064,0.055089496076107025,0.07251092046499252,-0.6860310435295105,0.36433783173561096,4
0.5855063709741706,10.843460931427257,0.05774832144379616,0.07266449928283691,-0.6627503633499146,0.3672139048576355,4
0.6039314537148585,10.821964648503993,0.05854882672429085,0.07255882769823074,-0.6669302582740784,0.36719459295272827,4
0.6937977568020887,10.70638315698402,0.061404284089803696,0.0753420740365982,-0.6873774528503418,0.3670315742492676,4
0.7478196614430778,11.406464172592129,0.06284037232398987,0.07493229955434799,-0.6677742004394531,0.37187838554382324,4
0.8089085496713245,12.023410029971101,0.06362135708332062,0.07400356978178024,-0.6674279570579529,0.3735419809818268,4
0.8362647934094061,12.380180672610901,0.06412293016910553,0.07360440492630005,-0.6677004098892212,0.373617559671402,4
0.85202755612481,12.689490988213594,0.06479144841432571,0.07322843372821808,-0.6638943552970886,0.37421733140945435,4
0.8511084153693147,12.698380620775179,0.06557702273130417,0.07269981503486633,-0.6619955897331238,0.37438830733299255,4
0.8332173735306675,12.682648638893028,0.0641447901725769,0.07063429057598114,-0.6641522645950317,0.37527528405189514,4
0.7959844784540321,12.726950721602662,0.060017794370651245,0.0657610073685646,-0.6612160205841064,0.376855731010437,4
0.7525148407381482,13.711465176468309,0.0574110671877861,0.05507931858301163,-0.6540504693984985,0.38196927309036255,4
0.7532945256390876,14.297680213564565,0.05823773145675659,0.05297159031033516,-0.654899537563324,0.3845237195491791,4
0.8413968234707897,14.643477695178838,0.06573951244354248,0.05634146183729172,-0.672713577747345,0.3869418799877167,4
0.910642115538785,14.87545233251878,0.06980041414499283,0.05984000489115715,-0.6740061044692993,0.38759443163871765,4
1.3744430350852064,14.789726654301518,0.07256477326154709,0.00197762344032526,-0.6693328022956848,0.39112553000450134,4
1.5431960420593793,14.87279152701459,0.07323586195707321,-0.0320265032351017,-0.6613292694091797,0.39304623007774353,4
1.8446172106126915,14.697294926956332,0.07692223787307739,-0.05582640692591667,-0.6601971387863159,0.39459553360939026,4
2.1552222186596364,14.140124929149945,0.08657005429267883,-0.04559856280684471,-0.6587509512901306,0.3941732347011566,4
1.9664253744570945,13.425823370070757,0.10597968101501465,0.06639960408210754,-0.6483268737792969,0.3888632357120514,4
0.15450506866003139,1.9200982696704072,-0.01745646819472313,0.05207375809550285,-0.6877081990242004,0.3593573272228241,3
0.6413296334265498,8.646087395107555,-0.06096690520644188,0.04684117063879967,-0.6875379085540771,0.3499273359775543,3
0.6926686979354605,9.260749102918403,-0.06349856406450272,0.046805914491415024,-0.6900518536567688,0.34784969687461853,3
0.8247196029893376,9.725606945128138,-0.06825564056634903,0.03835050016641617,-0.6799697279930115,0.349745512008667,3
0.8332173735306675,11.811778039061798,-0.06977193802595139,0.03758788853883743,-0.6781850457191467,0.350755900144577,3
0.8282709353403283,13.289205668039102,-0.0704338550567627,0.03804992511868477,-0.6841679215431213,0.3514040410518646,3
0.8677295085572297,14.229651226375458,-0.07358918339014053,0.03705998510122299,-0.6835031509399414,0.3529573678970337,3
0.95326533197347,14.20562376666616,-0.07728689908981323,0.035119738429784775,-0.6845126152038574,0.3535301983356476,3
0.9084907749057022,13.950152069206542,-0.0795961394906044,0.034511640667915344,-0.6789557933807373,0.3536228537559509,3
0.8961295264989276,13.987981556847986,-0.07987270504236221,0.03446127474308014,-0.6798700094223022,0.3538704812526703,3
0.8724522778743536,14.4382211280447,-0.08000442385673523,0.03518008440732956,-0.6758327484130859,0.3542848527431488,3
0.8235324225668358,14.646138708776933,-0.07984443753957748,0.03757087513804436,-0.6740913391113281,0.3545028269290924,3
0.7380746729011511,14.71482373854413,-0.07998774945735931,0.04234614968299866,-0.6742222309112549,0.35349395871162415,3
0.7118940449573281,15.165016020036026,-0.07961192727088928,0.04723838344216347,-0.6776263117790222,0.35485735535621643,3
